index,type,time,timecode,chapter
0,3,0,00:00:00,13
1,1,7,00:00:07,13
2,3,163,00:02:43,13
3,1,228,00:03:48,13
4,3,243,00:04:03,13
5,4,263,00:04:23,13
6,3,372,00:06:12,13
7,4,381,00:06:21,13
8,2,520,00:08:40,13
9,3,540,00:09:00,13
10,4,546,00:09:06,13
11,3,622,00:10:22,13
12,4,632,00:10:32,13
13,3,697,00:11:37,13
14,4,705,00:11:45,13
15,2,792,00:13:12,13
16,3,801,00:13:21,13
17,1,814,00:13:34,13
18,3,1071,00:17:51,13
19,4,1073,00:17:53,13
20,2,1200,00:20:00,13
21,3,1206,00:20:06,13
22,4,1217,00:20:17,13
23,3,1280,00:21:20,13
24,4,1289,00:21:29,13
25,3,1374,00:22:54,13
26,4,1382,00:23:02,13
27,2,1481,00:24:41,13
28,3,1488,00:24:48,13
29,1,1494,00:24:54,13
30,3,1535,00:25:35,13
31,1,1538,00:25:38,13
32,3,1641,00:27:21,13
33,1,1645,00:27:25,13
34,3,1711,00:28:31,14
35,2,1714,00:28:34,14
36,3,2188,00:36:28,14
37,4,2204,00:36:44,14
38,2,2290,00:38:10,14
39,3,2295,00:38:15,14
40,4,2324,00:38:44,14
41,3,2415,00:40:15,14
42,4,2424,00:40:24,14
43,2,2495,00:41:35,14
44,3,2502,00:41:42,14
45,4,2509,00:41:49,14
46,3,2615,00:43:35,14
47,1,2621,00:43:41,14
48,3,2709,00:45:09,14
49,4,2714,00:45:14,14
50,3,2827,00:47:07,14
51,1,2833,00:47:13,14
52,2,2860,00:47:40,14
53,3,2870,00:47:50,14
54,4,2888,00:48:08,14
55,3,2974,00:49:34,14
56,4,2982,00:49:42,14
57,3,3075,00:51:15,14
58,4,3087,00:51:27,14
59,2,3168,00:52:48,14
60,3,3175,00:52:55,14
61,4,3187,00:53:07,14
62,2,3287,00:54:47,14
63,3,3295,00:54:55,14
64,1,3323,00:55:23,14
65,3,3380,00:56:20,14
66,1,3394,00:56:34,14
67,4,3429,00:57:09,14
68,1,3737,01:02:17,14
69,2,4068,01:07:48,14
70,3,4072,01:07:52,14
71,1,4079,01:07:59,14
72,3,4106,01:08:26,14
73,3,4134,01:08:54,15
74,2,4149,01:09:09,15
75,3,4186,01:09:46,15
76,4,4189,01:09:49,15
77,3,4231,01:10:31,15
78,2,4248,01:10:48,15
79,3,4500,01:15:00,15
80,1,4521,01:15:21,15
81,3,4565,01:16:05,15
82,4,4569,01:16:09,15
83,3,4632,01:17:12,15
84,1,4637,01:17:17,15
85,3,4748,01:19:08,15
86,1,4756,01:19:16,15
87,4,4835,01:20:35,15
88,1,5240,01:27:20,15
89,3,5609,01:33:29,15
90,2,5624,01:33:44,15
91,3,5634,01:33:54,15
92,1,5676,01:34:36,15
93,3,5704,01:35:04,15
94,1,5725,01:35:25,15
95,3,5766,01:36:06,15
96,1,5768,01:36:08,15
97,3,5775,01:36:15,15
98,1,5785,01:36:25,15
99,3,5924,01:38:44,15
100,2,5947,01:39:07,15
101,3,6063,01:41:03,15
102,1,6073,01:41:13,15
103,3,6104,01:41:44,15
104,1,6127,01:42:07,15
105,4,6272,01:44:32,15
106,1,6723,01:52:03,15
107,2,6856,01:54:16,15
108,3,6860,01:54:20,15
109,1,6883,01:54:43,15
110,5,6900,01:55:00,15
111,3,7428,02:03:48,15
112,0,7435,02:03:55,15
